{"functional_9_accuracy": [0.018251653760671616, 0.02015790529549122, 0.021082580089569092, 0.02300305850803852, 0.024980438873171806, 0.032619673758745193, 0.03566398844122887, 0.04121203348040581, 0.042193613946437836, 0.04132584109902382], "loss": [8.042351722717285, 7.008750915527344, 6.951074123382568, 6.916068077087402, 6.889771461486816, 6.870445251464844, 6.854733943939209, 6.841498374938965, 6.828980922698975, 6.817592144012451], "val_functional_9_accuracy": [0.021397678181529045, 0.021852947771549225, 0.026576371863484383, 0.02731618471443653, 0.027657637372612953, 0.041770998388528824, 0.03129979595541954, 0.04381971433758736, 0.04313680902123451, 0.04245390370488167], "val_loss": [7.065125465393066, 6.965435981750488, 6.922962188720703, 6.893316268920898, 6.87067174911499, 6.853682041168213, 6.841831684112549, 6.826735973358154, 6.814191818237305, 6.805883407592773]}