{"functional_1_accuracy": [0.022818123921751976, 0.022704318165779114, 0.0218649972230196, 0.02182232029736042, 0.02479550428688526, 0.030315101146697998, 0.036161888390779495, 0.040571875870227814, 0.04279109463095665, 0.04437015578150749], "loss": [8.15359878540039, 7.006823539733887, 6.946142673492432, 6.911302089691162, 6.885556221008301, 6.86664342880249, 6.850560665130615, 6.836374282836914, 6.822826385498047, 6.810038089752197], "val_functional_1_accuracy": [0.028738902881741524, 0.021739130839705467, 0.021226951852440834, 0.02190985716879368, 0.02805599756538868, 0.04313680902123451, 0.03272251412272453, 0.04478716105222702, 0.04387662187218666, 0.04734805226325989], "val_loss": [7.068661689758301, 6.963347434997559, 6.917215824127197, 6.888493061065674, 6.865467071533203, 6.849572658538818, 6.834407806396484, 6.82064962387085, 6.80932092666626, 6.796432971954346]}